"['FC Bayern', 'Bayer Leverkusen']","[2, 0]",2017-08-18T20:30:00,"['https://upload.wikimedia.org/wikipedia/commons/thumb/1/1f/Logo_FC_Bayern_M%C3%BCnchen_%282002%E2%80%932017%29.svg/240px-Logo_FC_Bayern_M%C3%BCnchen_%282002%E2%80%932017%29.svg.png', 'https://upload.wikimedia.org/wikipedia/de/thumb/f/f7/Bayer_Leverkusen_Logo.svg/1280px-Bayer_Leverkusen_Logo.svg.png']"
"['TSG 1899 Hoffenheim', 'Werder Bremen']","[0, 0]",2017-08-19T15:30:00,"['https://upload.wikimedia.org/wikipedia/commons/6/64/TSG_Logo-Standard_4c.png', 'https://upload.wikimedia.org/wikipedia/commons/thumb/b/be/SV-Werder-Bremen-Logo.svg/681px-SV-Werder-Bremen-Logo.svg.png']"
"['Hertha BSC', 'VfB Stuttgart']","[0, 0]",2017-08-19T15:30:00,"['https://upload.wikimedia.org/wikipedia/commons/thumb/8/81/Hertha_BSC_Logo_2012.svg/2858px-Hertha_BSC_Logo_2012.svg.png', 'https://upload.wikimedia.org/wikipedia/commons/thumb/e/eb/VfB_Stuttgart_1893_Logo.svg/921px-VfB_Stuttgart_1893_Logo.svg.png']"
"['Hamburger SV', 'FC Augsburg']","[1, 0]",2017-08-19T15:30:00,"['https://upload.wikimedia.org/wikipedia/commons/6/66/HSV-Logo.svg', 'https://upload.wikimedia.org/wikipedia/de/b/b5/Logo_FC_Augsburg.svg']"
"['1. FSV Mainz 05', 'Hannover 96']","[0, 0]",2017-08-19T15:30:00,"['https://upload.wikimedia.org/wikipedia/commons/thumb/9/9e/Logo_Mainz_05.svg/1099px-Logo_Mainz_05.svg.png', 'https://upload.wikimedia.org/wikipedia/commons/c/cd/Hannover_96_Logo.svg']"
"['VfL Wolfsburg', 'Borussia Dortmund']","[0, 2]",2017-08-19T15:30:00,"['https://upload.wikimedia.org/wikipedia/commons/thumb/f/f3/Logo-VfL-Wolfsburg.svg/1024px-Logo-VfL-Wolfsburg.svg.png', 'https://upload.wikimedia.org/wikipedia/commons/thumb/6/67/Borussia_Dortmund_logo.svg/240px-Borussia_Dortmund_logo.svg.png']"
"['FC Schalke 04', 'RB Leipzig']","[1, 0]",2017-08-19T18:30:00,"['https://upload.wikimedia.org/wikipedia/commons/6/6d/FC_Schalke_04_Logo.svg', 'https://upload.wikimedia.org/wikipedia/en/thumb/0/04/RB_Leipzig_2014_logo.svg/800px-RB_Leipzig_2014_logo.svg.png']"
"['SC Freiburg', 'Eintracht Frankfurt']","[0, 0]",2017-08-20T15:30:00,"['https://upload.wikimedia.org/wikipedia/de/thumb/f/f1/SC-Freiburg_Logo-neu.svg/739px-SC-Freiburg_Logo-neu.svg.png', 'https://upload.wikimedia.org/wikipedia/commons/thumb/0/04/Eintracht_Frankfurt_Logo.svg/1024px-Eintracht_Frankfurt_Logo.svg.png']"
"['Borussia Mönchengladbach', '1. FC Köln']","[0, 0]",2017-08-20T18:00:00,"['https://upload.wikimedia.org/wikipedia/commons/8/81/Borussia_Mönchengladbach_logo.svg', 'https://upload.wikimedia.org/wikipedia/en/thumb/5/53/FC_Cologne_logo.svg/901px-FC_Cologne_logo.svg.png']"
"['1. FC Köln', 'Hamburger SV']","[0, 2]",2017-08-25T20:30:00
"['Werder Bremen', 'FC Bayern']","[0, 0]",2017-08-26T15:30:00
"['Eintracht Frankfurt', 'VfL Wolfsburg']","[0, 1]",2017-08-26T15:30:00
"['Bayer Leverkusen', 'TSG 1899 Hoffenheim']","[1, 0]",2017-08-26T15:30:00
"['FC Augsburg', 'Borussia Mönchengladbach']","[1, 2]",2017-08-26T15:30:00
"['VfB Stuttgart', '1. FSV Mainz 05']","[0, 0]",2017-08-26T15:30:00
"['Borussia Dortmund', 'Hertha BSC']","[1, 0]",2017-08-26T18:30:00
"['RB Leipzig', 'SC Freiburg']","[0, 1]",2017-08-27T15:30:00
"['Hannover 96', 'FC Schalke 04']","[0, 0]",2017-08-27T18:00:00
"['Hamburger SV', 'RB Leipzig']","[0, 0]",2017-09-08T20:30:00
"['SC Freiburg', 'Borussia Dortmund']","[0, 0]",2017-09-09T15:30:00
"['Borussia Mönchengladbach', 'Eintracht Frankfurt']","[0, 1]",2017-09-09T15:30:00
"['FC Augsburg', '1. FC Köln']","[2, 0]",2017-09-09T15:30:00
"['1. FSV Mainz 05', 'Bayer Leverkusen']","[1, 1]",2017-09-09T15:30:00
"['VfL Wolfsburg', 'Hannover 96']","[0, 0]",2017-09-09T15:30:00
"['TSG 1899 Hoffenheim', 'FC Bayern']","[1, 0]",2017-09-09T18:30:00
"['Hertha BSC', 'Werder Bremen']","[1, 0]",2017-09-10T15:30:00
"['FC Schalke 04', 'VfB Stuttgart']","[1, 1]",2017-09-10T18:00:00
"['Hannover 96', 'Hamburger SV']","[0, 0]",2017-09-15T20:30:00
"['FC Bayern', '1. FSV Mainz 05']","[2, 0]",2017-09-16T15:30:00
"['Werder Bremen', 'FC Schalke 04']","[1, 1]",2017-09-16T15:30:00
"['Eintracht Frankfurt', 'FC Augsburg']","[0, 1]",2017-09-16T15:30:00
"['VfB Stuttgart', 'VfL Wolfsburg']","[1, 0]",2017-09-16T15:30:00
"['RB Leipzig', 'Borussia Mönchengladbach']","[2, 1]",2017-09-16T18:30:00
"['TSG 1899 Hoffenheim', 'Hertha BSC']","[1, 0]",2017-09-17T13:30:00
"['Bayer Leverkusen', 'SC Freiburg']","[3, 0]",2017-09-17T15:30:00
"['Borussia Dortmund', '1. FC Köln']","[2, 0]",2017-09-17T18:00:00
"['Borussia Mönchengladbach', 'VfB Stuttgart']","[0, 0]",2017-09-19T18:30:00
"['FC Schalke 04', 'FC Bayern']","[0, 2]",2017-09-19T20:30:00
"['FC Augsburg', 'RB Leipzig']","[1, 0]",2017-09-19T20:30:00
"['VfL Wolfsburg', 'Werder Bremen']","[1, 0]",2017-09-19T20:30:00
"['1. FC Köln', 'Eintracht Frankfurt']","[0, 1]",2017-09-20T18:30:00
"['Hertha BSC', 'Bayer Leverkusen']","[2, 0]",2017-09-20T20:30:00
"['SC Freiburg', 'Hannover 96']","[0, 0]",2017-09-20T20:30:00
"['Hamburger SV', 'Borussia Dortmund']","[0, 1]",2017-09-20T20:30:00
"['1. FSV Mainz 05', 'TSG 1899 Hoffenheim']","[2, 2]",2017-09-20T20:30:00
"['FC Bayern', 'VfL Wolfsburg']","[2, 0]",2017-09-22T20:30:00
"['RB Leipzig', 'Eintracht Frankfurt']","[1, 0]",2017-09-23T15:30:00
"['TSG 1899 Hoffenheim', 'FC Schalke 04']","[1, 0]",2017-09-23T15:30:00
"['Werder Bremen', 'SC Freiburg']","[0, 0]",2017-09-23T15:30:00
"['1. FSV Mainz 05', 'Hertha BSC']","[0, 0]",2017-09-23T15:30:00
"['VfB Stuttgart', 'FC Augsburg']","[0, 0]",2017-09-23T15:30:00
"['Borussia Dortmund', 'Borussia Mönchengladbach']","[3, 0]",2017-09-23T18:30:00
"['Hannover 96', '1. FC Köln']","[0, 0]",2017-09-24T15:30:00
"['Bayer Leverkusen', 'Hamburger SV']","[2, 0]",2017-09-24T18:00:00
"['FC Schalke 04', 'Bayer Leverkusen']","[1, 0]",2017-09-29T20:30:00
"['Borussia Mönchengladbach', 'Hannover 96']","[0, 0]",2017-09-30T15:30:00
"['Eintracht Frankfurt', 'VfB Stuttgart']","[1, 0]",2017-09-30T15:30:00
"['FC Augsburg', 'Borussia Dortmund']","[1, 2]",2017-09-30T15:30:00
"['VfL Wolfsburg', '1. FSV Mainz 05']","[0, 0]",2017-09-30T15:30:00
"['Hamburger SV', 'Werder Bremen']","[0, 0]",2017-09-30T18:30:00
"['SC Freiburg', 'TSG 1899 Hoffenheim']","[2, 1]",2017-10-01T13:30:00
"['Hertha BSC', 'FC Bayern']","[0, 1]",2017-10-01T15:30:00
"['1. FC Köln', 'RB Leipzig']","[0, 1]",2017-10-01T18:00:00
"['VfB Stuttgart', '1. FC Köln']","[1, 0]",2017-10-13T20:30:00
"['FC Bayern', 'SC Freiburg']","[2, 0]",2017-10-14T15:30:00
"['TSG 1899 Hoffenheim', 'FC Augsburg']","[0, 0]",2017-10-14T15:30:00
"['Hertha BSC', 'FC Schalke 04']","[0, 0]",2017-10-14T15:30:00
"['1. FSV Mainz 05', 'Hamburger SV']","[1, 1]",2017-10-14T15:30:00
"['Hannover 96', 'Eintracht Frankfurt']","[1, 1]",2017-10-14T15:30:00
"['Borussia Dortmund', 'RB Leipzig']","[1, 2]",2017-10-14T18:30:00
"['Bayer Leverkusen', 'VfL Wolfsburg']","[1, 1]",2017-10-15T15:30:00
"['Werder Bremen', 'Borussia Mönchengladbach']","[0, 2]",2017-10-15T18:00:00
"['FC Schalke 04', '1. FSV Mainz 05']","[1, 0]",2017-10-20T20:30:00
"['RB Leipzig', 'VfB Stuttgart']","[1, 0]",2017-10-21T15:30:00
"['Borussia Mönchengladbach', 'Bayer Leverkusen']","[1, 0]",2017-10-21T15:30:00
"['Eintracht Frankfurt', 'Borussia Dortmund']","[0, 1]",2017-10-21T15:30:00
"['FC Augsburg', 'Hannover 96']","[1, 0]",2017-10-21T15:30:00
"['Hamburger SV', 'FC Bayern']","[0, 0]",2017-10-21T18:30:00
"['1. FC Köln', 'Werder Bremen']","[0, 0]",2017-10-22T13:30:00
"['SC Freiburg', 'Hertha BSC']","[0, 0]",2017-10-22T15:30:00
"['VfL Wolfsburg', 'TSG 1899 Hoffenheim']","[0, 0]",2017-10-22T18:00:00
"['1. FSV Mainz 05', 'Eintracht Frankfurt']","[0, 1]",2017-10-27T20:30:00
"['TSG 1899 Hoffenheim', 'Borussia Mönchengladbach']","[1, 0]",2017-10-28T15:30:00
"['Hertha BSC', 'Hamburger SV']","[1, 0]",2017-10-28T15:30:00
"['FC Schalke 04', 'VfL Wolfsburg']","[1, 0]",2017-10-28T15:30:00
"['Bayer Leverkusen', '1. FC Köln']","[0, 1]",2017-10-28T15:30:00
"['Hannover 96', 'Borussia Dortmund']","[2, 1]",2017-10-28T15:30:00
"['FC Bayern', 'RB Leipzig']","[2, 0]",2017-10-28T18:30:00
"['Werder Bremen', 'FC Augsburg']","[0, 2]",2017-10-29T15:30:00
"['VfB Stuttgart', 'SC Freiburg']","[2, 0]",2017-10-29T18:00:00
"['Eintracht Frankfurt', 'Werder Bremen']","[1, 1]",2017-11-03T20:30:00
"['RB Leipzig', 'Hannover 96']","[0, 0]",2017-11-04T15:30:00
"['SC Freiburg', 'FC Schalke 04']","[0, 0]",2017-11-04T15:30:00
"['Borussia Mönchengladbach', '1. FSV Mainz 05']","[0, 1]",2017-11-04T15:30:00
"['FC Augsburg', 'Bayer Leverkusen']","[0, 0]",2017-11-04T15:30:00
"['Hamburger SV', 'VfB Stuttgart']","[1, 0]",2017-11-04T15:30:00
"['Borussia Dortmund', 'FC Bayern']","[0, 2]",2017-11-04T18:30:00
"['1. FC Köln', 'TSG 1899 Hoffenheim']","[0, 1]",2017-11-05T15:30:00
"['VfL Wolfsburg', 'Hertha BSC']","[2, 1]",2017-11-05T18:00:00
"['VfB Stuttgart', 'Borussia Dortmund']","[1, 1]",2017-11-17T20:30:00
"['FC Bayern', 'FC Augsburg']","[2, 0]",2017-11-18T15:30:00
"['TSG 1899 Hoffenheim', 'Eintracht Frankfurt']","[0, 1]",2017-11-18T15:30:00
"['Bayer Leverkusen', 'RB Leipzig']","[1, 1]",2017-11-18T15:30:00
"['1. FSV Mainz 05', '1. FC Köln']","[1, 0]",2017-11-18T15:30:00
"['VfL Wolfsburg', 'SC Freiburg']","[2, 0]",2017-11-18T15:30:00
"['Hertha BSC', 'Borussia Mönchengladbach']","[1, 3]",2017-11-18T18:30:00
"['FC Schalke 04', 'Hamburger SV']","[1, 0]",2017-11-19T15:30:00
"['Werder Bremen', 'Hannover 96']","[1, 0]",2017-11-19T18:00:00
"['Hannover 96', 'VfB Stuttgart']","[0, 1]",2017-11-24T20:30:00
"['Borussia Dortmund', 'FC Schalke 04']","[4, 0]",2017-11-25T15:30:00
"['RB Leipzig', 'Werder Bremen']","[1, 0]",2017-11-25T15:30:00
"['SC Freiburg', '1. FSV Mainz 05']","[0, 0]",2017-11-25T15:30:00
"['Eintracht Frankfurt', 'Bayer Leverkusen']","[0, 0]",2017-11-25T15:30:00
"['FC Augsburg', 'VfL Wolfsburg']","[0, 1]",2017-11-25T15:30:00
"['Borussia Mönchengladbach', 'FC Bayern']","[2, 0]",2017-11-25T18:30:00
"['Hamburger SV', 'TSG 1899 Hoffenheim']","[1, 0]",2017-11-26T15:30:00
"['1. FC Köln', 'Hertha BSC']","[0, 1]",2017-11-26T18:00:00
"['SC Freiburg', 'Hamburger SV']","[0, 0]",2017-12-01T20:30:00
"['FC Bayern', 'Hannover 96']","[1, 1]",2017-12-02T15:30:00
"['TSG 1899 Hoffenheim', 'RB Leipzig']","[1, 0]",2017-12-02T15:30:00
"['Werder Bremen', 'VfB Stuttgart']","[1, 0]",2017-12-02T15:30:00
"['Bayer Leverkusen', 'Borussia Dortmund']","[1, 0]",2017-12-02T15:30:00
"['1. FSV Mainz 05', 'FC Augsburg']","[0, 2]",2017-12-02T15:30:00
"['FC Schalke 04', '1. FC Köln']","[1, 0]",2017-12-02T18:30:00
"['Hertha BSC', 'Eintracht Frankfurt']","[1, 1]",2017-12-03T15:30:00
"['VfL Wolfsburg', 'Borussia Mönchengladbach']","[2, 0]",2017-12-03T18:00:00
"['VfB Stuttgart', 'Bayer Leverkusen']","[0, 1]",2017-12-08T20:30:00
"['Borussia Dortmund', 'Werder Bremen']","[0, 1]",2017-12-09T15:30:00
"['RB Leipzig', '1. FSV Mainz 05']","[2, 1]",2017-12-09T15:30:00
"['Eintracht Frankfurt', 'FC Bayern']","[0, 1]",2017-12-09T15:30:00
"['Hamburger SV', 'VfL Wolfsburg']","[0, 0]",2017-12-09T15:30:00
"['Borussia Mönchengladbach', 'FC Schalke 04']","[1, 0]",2017-12-09T18:30:00
"['1. FC Köln', 'SC Freiburg']","[3, 1]",2017-12-10T13:30:00
"['Hannover 96', 'TSG 1899 Hoffenheim']","[0, 0]",2017-12-10T15:30:00
"['FC Augsburg', 'Hertha BSC']","[0, 0]",2017-12-10T18:00:00
"['VfL Wolfsburg', 'RB Leipzig']","[1, 0]",2017-12-12T18:30:00
"['SC Freiburg', 'Borussia Mönchengladbach']","[1, 0]",2017-12-12T20:30:00
"['Hamburger SV', 'Eintracht Frankfurt']","[1, 2]",2017-12-12T20:30:00
"['1. FSV Mainz 05', 'Borussia Dortmund']","[0, 0]",2017-12-12T20:30:00
"['TSG 1899 Hoffenheim', 'VfB Stuttgart']","[0, 0]",2017-12-13T18:30:00
"['FC Bayern', '1. FC Köln']","[0, 0]",2017-12-13T20:30:00
"['Hertha BSC', 'Hannover 96']","[2, 0]",2017-12-13T20:30:00
"['FC Schalke 04', 'FC Augsburg']","[1, 0]",2017-12-13T20:30:00
"['Bayer Leverkusen', 'Werder Bremen']","[1, 0]",2017-12-13T20:30:00
"['Borussia Mönchengladbach', 'Hamburger SV']","[1, 0]",2017-12-15T20:30:00
"['1. FC Köln', 'VfL Wolfsburg']","[0, 0]",2017-12-16T15:30:00
"['Werder Bremen', '1. FSV Mainz 05']","[2, 0]",2017-12-16T15:30:00
"['Eintracht Frankfurt', 'FC Schalke 04']","[1, 0]",2017-12-16T15:30:00
"['FC Augsburg', 'SC Freiburg']","[1, 1]",2017-12-16T15:30:00
"['VfB Stuttgart', 'FC Bayern']","[0, 0]",2017-12-16T15:30:00
"['Borussia Dortmund', 'TSG 1899 Hoffenheim']","[0, 1]",2017-12-16T18:30:00
"['Hannover 96', 'Bayer Leverkusen']","[3, 2]",2017-12-17T15:30:00
"['RB Leipzig', 'Hertha BSC']","[0, 2]",2017-12-17T18:00:00
"['Bayer Leverkusen', 'FC Bayern']","[0, 1]",2018-01-12T20:30:00
"['Werder Bremen', 'TSG 1899 Hoffenheim']","[0, 1]",2018-01-13T15:30:00
"['Eintracht Frankfurt', 'SC Freiburg']","[1, 0]",2018-01-13T15:30:00
"['FC Augsburg', 'Hamburger SV']","[0, 0]",2018-01-13T15:30:00
"['Hannover 96', '1. FSV Mainz 05']","[2, 2]",2018-01-13T15:30:00
"['VfB Stuttgart', 'Hertha BSC']","[0, 0]",2018-01-13T15:30:00
"['RB Leipzig', 'FC Schalke 04']","[1, 0]",2018-01-13T18:30:00
"['1. FC Köln', 'Borussia Mönchengladbach']","[1, 0]",2018-01-14T15:30:00
"['Borussia Dortmund', 'VfL Wolfsburg']","[0, 0]",2018-01-14T18:00:00
"['Hertha BSC', 'Borussia Dortmund']","[0, 0]",2018-01-19T20:30:00
"['TSG 1899 Hoffenheim', 'Bayer Leverkusen']","[0, 1]",2018-01-20T15:30:00
"['SC Freiburg', 'RB Leipzig']","[0, 0]",2018-01-20T15:30:00
"['Borussia Mönchengladbach', 'FC Augsburg']","[1, 0]",2018-01-20T15:30:00
"['1. FSV Mainz 05', 'VfB Stuttgart']","[1, 1]",2018-01-20T15:30:00
"['VfL Wolfsburg', 'Eintracht Frankfurt']","[0, 2]",2018-01-20T15:30:00
"['Hamburger SV', '1. FC Köln']","[0, 1]",2018-01-20T18:30:00
"['FC Bayern', 'Werder Bremen']","[1, 1]",2018-01-21T15:30:00
"['FC Schalke 04', 'Hannover 96']","[1, 0]",2018-01-21T18:00:00
"['Eintracht Frankfurt', 'Borussia Mönchengladbach']","[1, 0]",2018-01-26T20:30:00
"['FC Bayern', 'TSG 1899 Hoffenheim']","[2, 2]",2018-01-27T15:30:00
"['Borussia Dortmund', 'SC Freiburg']","[1, 1]",2018-01-27T15:30:00
"['RB Leipzig', 'Hamburger SV']","[1, 1]",2018-01-27T15:30:00
"['1. FC Köln', 'FC Augsburg']","[1, 0]",2018-01-27T15:30:00
"['VfB Stuttgart', 'FC Schalke 04']","[0, 2]",2018-01-27T15:30:00
"['Werder Bremen', 'Hertha BSC']","[0, 0]",2018-01-27T18:30:00
"['Bayer Leverkusen', '1. FSV Mainz 05']","[0, 0]",2018-01-28T15:30:00
"['Hannover 96', 'VfL Wolfsburg']","[0, 0]",2018-01-28T18:00:00
"['1. FC Köln', 'Borussia Dortmund']","[0, 1]",2018-02-02T20:30:00
"['Hertha BSC', 'TSG 1899 Hoffenheim']","[0, 1]",2018-02-03T15:30:00
"['SC Freiburg', 'Bayer Leverkusen']","[0, 0]",2018-02-03T15:30:00
"['FC Schalke 04', 'Werder Bremen']","[1, 0]",2018-02-03T15:30:00
"['1. FSV Mainz 05', 'FC Bayern']","[0, 2]",2018-02-03T15:30:00
"['VfL Wolfsburg', 'VfB Stuttgart']","[1, 0]",2018-02-03T15:30:00
"['Borussia Mönchengladbach', 'RB Leipzig']","[0, 0]",2018-02-03T18:30:00
"['FC Augsburg', 'Eintracht Frankfurt']","[1, 0]",2018-02-04T15:30:00
"['Hamburger SV', 'Hannover 96']","[0, 1]",2018-02-04T18:00:00
"['RB Leipzig', 'FC Augsburg']","[1, 0]",2018-02-09T20:30:00
"['Borussia Dortmund', 'Hamburger SV']","[0, 0]",2018-02-10T15:30:00
"['TSG 1899 Hoffenheim', '1. FSV Mainz 05']","[1, 1]",2018-02-10T15:30:00
"['Eintracht Frankfurt', '1. FC Köln']","[1, 0]",2018-02-10T15:30:00
"['Bayer Leverkusen', 'Hertha BSC']","[0, 1]",2018-02-10T15:30:00
"['Hannover 96', 'SC Freiburg']","[1, 0]",2018-02-10T15:30:00
"['FC Bayern', 'FC Schalke 04']","[2, 1]",2018-02-10T18:30:00
"['VfB Stuttgart', 'Borussia Mönchengladbach']","[1, 0]",2018-02-11T15:30:00
"['Werder Bremen', 'VfL Wolfsburg']","[2, 0]",2018-02-11T18:00:00
"['Hertha BSC', '1. FSV Mainz 05']","[0, 1]",2018-02-16T20:30:00
"['1. FC Köln', 'Hannover 96']","[1, 1]",2018-02-17T15:30:00
"['SC Freiburg', 'Werder Bremen']","[1, 0]",2018-02-17T15:30:00
"['Hamburger SV', 'Bayer Leverkusen']","[0, 1]",2018-02-17T15:30:00
"['VfL Wolfsburg', 'FC Bayern']","[1, 0]",2018-02-17T15:30:00
"['FC Schalke 04', 'TSG 1899 Hoffenheim']","[2, 0]",2018-02-17T18:30:00
"['FC Augsburg', 'VfB Stuttgart']","[0, 1]",2018-02-18T15:30:00
"['Borussia Mönchengladbach', 'Borussia Dortmund']","[0, 1]",2018-02-18T18:00:00
"['Eintracht Frankfurt', 'RB Leipzig']","[2, 1]",2018-02-19T20:30:00
"['1. FSV Mainz 05', 'VfL Wolfsburg']","[1, 1]",2018-02-23T20:30:00
"['FC Bayern', 'Hertha BSC']","[0, 0]",2018-02-24T15:30:00
"['TSG 1899 Hoffenheim', 'SC Freiburg']","[1, 0]",2018-02-24T15:30:00
"['Hannover 96', 'Borussia Mönchengladbach']","[0, 0]",2018-02-24T15:30:00
"['VfB Stuttgart', 'Eintracht Frankfurt']","[1, 0]",2018-02-24T15:30:00
"['Werder Bremen', 'Hamburger SV']","[0, 0]",2018-02-24T18:30:00
"['Bayer Leverkusen', 'FC Schalke 04']","[0, 1]",2018-02-25T15:30:00
"['RB Leipzig', '1. FC Köln']","[1, 0]",2018-02-25T18:00:00
"['Borussia Dortmund', 'FC Augsburg']","[1, 0]",2018-02-26T20:30:00
"['Borussia Mönchengladbach', 'Werder Bremen']","[2, 0]",2018-03-02T20:30:00
"['FC Schalke 04', 'Hertha BSC']","[1, 0]",2018-03-03T15:30:00
"['Eintracht Frankfurt', 'Hannover 96']","[1, 0]",2018-03-03T15:30:00
"['FC Augsburg', 'TSG 1899 Hoffenheim']","[0, 1]",2018-03-03T15:30:00
"['Hamburger SV', '1. FSV Mainz 05']","[0, 0]",2018-03-03T15:30:00
"['VfL Wolfsburg', 'Bayer Leverkusen']","[0, 1]",2018-03-03T15:30:00
"['RB Leipzig', 'Borussia Dortmund']","[1, 1]",2018-03-03T18:30:00
"['1. FC Köln', 'VfB Stuttgart']","[1, 2]",2018-03-04T15:30:00
"['SC Freiburg', 'FC Bayern']","[0, 2]",2018-03-04T18:00:00
"['1. FSV Mainz 05', 'FC Schalke 04']","[0, 0]",2018-03-09T20:30:00
"['FC Bayern', 'Hamburger SV']","[3, 0]",2018-03-10T15:30:00
"['TSG 1899 Hoffenheim', 'VfL Wolfsburg']","[1, 0]",2018-03-10T15:30:00
"['Hertha BSC', 'SC Freiburg']","[0, 0]",2018-03-10T15:30:00
"['Hannover 96', 'FC Augsburg']","[1, 2]",2018-03-10T15:30:00
"['Bayer Leverkusen', 'Borussia Mönchengladbach']","[1, 0]",2018-03-10T18:30:00
"['VfB Stuttgart', 'RB Leipzig']","[0, 0]",2018-03-11T15:30:00
"['Borussia Dortmund', 'Eintracht Frankfurt']","[1, 0]",2018-03-11T18:00:00
"['Werder Bremen', '1. FC Köln']","[1, 0]",2018-03-12T20:30:00
"['SC Freiburg', 'VfB Stuttgart']","[0, 1]",2018-03-16T20:30:00
"['Borussia Mönchengladbach', 'TSG 1899 Hoffenheim']","[1, 1]",2018-03-17T15:30:00
"['Eintracht Frankfurt', '1. FSV Mainz 05']","[3, 0]",2018-03-17T15:30:00
"['FC Augsburg', 'Werder Bremen']","[0, 2]",2018-03-17T15:30:00
"['Hamburger SV', 'Hertha BSC']","[1, 0]",2018-03-17T15:30:00
"['VfL Wolfsburg', 'FC Schalke 04']","[0, 0]",2018-03-17T18:30:00
"['Borussia Dortmund', 'Hannover 96']","[1, 0]",2018-03-18T13:30:00
"['1. FC Köln', 'Bayer Leverkusen']","[1, 0]",2018-03-18T15:30:00
"['RB Leipzig', 'FC Bayern']","[1, 1]",2018-03-18T18:00:00
"['TSG 1899 Hoffenheim', '1. FC Köln']","[1, 0]",2018-03-31T15:30:00
"['FC Schalke 04', 'SC Freiburg']","[0, 0]",2018-03-31T15:30:00
"['Bayer Leverkusen', 'FC Augsburg']","[0, 0]",2018-03-31T15:30:00
"['Hannover 96', 'RB Leipzig']","[0, 1]",2018-03-31T15:30:00
"['VfB Stuttgart', 'Hamburger SV']","[1, 1]",2018-03-31T15:30:00
"['FC Bayern', 'Borussia Dortmund']","[5, 0]",2018-03-31T18:30:00
"['Hertha BSC', 'VfL Wolfsburg']","[0, 0]",2018-03-31T20:30:00
"['Werder Bremen', 'Eintracht Frankfurt']","[1, 0]",2018-04-01T15:30:00
"['1. FSV Mainz 05', 'Borussia Mönchengladbach']","[0, 0]",2018-04-01T18:00:00
"['Hannover 96', 'Werder Bremen']","[2, 0]",2018-04-06T20:30:00
"['1. FC Köln', '1. FSV Mainz 05']","[1, 0]",2018-04-07T15:30:00
"['SC Freiburg', 'VfL Wolfsburg']","[0, 1]",2018-04-07T15:30:00
"['Borussia Mönchengladbach', 'Hertha BSC']","[0, 1]",2018-04-07T15:30:00
"['FC Augsburg', 'FC Bayern']","[1, 2]",2018-04-07T15:30:00
"['Hamburger SV', 'FC Schalke 04']","[1, 1]",2018-04-07T18:30:00
"['Borussia Dortmund', 'VfB Stuttgart']","[1, 0]",2018-04-08T15:30:00
"['Eintracht Frankfurt', 'TSG 1899 Hoffenheim']","[0, 0]",2018-04-08T18:00:00
"['RB Leipzig', 'Bayer Leverkusen']","[1, 1]",2018-04-09T20:30:00
"['VfL Wolfsburg', 'FC Augsburg']","[0, 0]",2018-04-13T20:30:00
"['TSG 1899 Hoffenheim', 'Hamburger SV']","[2, 0]",2018-04-14T15:30:00
"['Hertha BSC', '1. FC Köln']","[0, 1]",2018-04-14T15:30:00
"['Bayer Leverkusen', 'Eintracht Frankfurt']","[1, 1]",2018-04-14T15:30:00
"['VfB Stuttgart', 'Hannover 96']","[0, 0]",2018-04-14T15:30:00
"['FC Bayern', 'Borussia Mönchengladbach']","[2, 1]",2018-04-14T18:30:00
"['FC Schalke 04', 'Borussia Dortmund']","[0, 0]",2018-04-15T15:30:00
"['Werder Bremen', 'RB Leipzig']","[1, 0]",2018-04-15T18:00:00
"['1. FSV Mainz 05', 'SC Freiburg']","[1, 0]",2018-04-16T20:30:00
"['Borussia Mönchengladbach', 'VfL Wolfsburg']","[3, 0]",2018-04-20T20:30:00
"['RB Leipzig', 'TSG 1899 Hoffenheim']","[0, 3]",2018-04-21T15:30:00
"['Eintracht Frankfurt', 'Hertha BSC']","[0, 0]",2018-04-21T15:30:00
"['Hamburger SV', 'SC Freiburg']","[0, 0]",2018-04-21T15:30:00
"['Hannover 96', 'FC Bayern']","[0, 0]",2018-04-21T15:30:00
"['VfB Stuttgart', 'Werder Bremen']","[1, 0]",2018-04-21T15:30:00
"['Borussia Dortmund', 'Bayer Leverkusen']","[1, 0]",2018-04-21T18:30:00
"['FC Augsburg', '1. FSV Mainz 05']","[1, 0]",2018-04-22T15:30:00
"['1. FC Köln', 'FC Schalke 04']","[1, 2]",2018-04-22T18:00:00
"['TSG 1899 Hoffenheim', 'Hannover 96']","[1, 1]",2018-04-27T20:30:00
"['FC Bayern', 'Eintracht Frankfurt']","[1, 0]",2018-04-28T15:30:00
"['Hertha BSC', 'FC Augsburg']","[0, 1]",2018-04-28T15:30:00
"['SC Freiburg', '1. FC Köln']","[1, 0]",2018-04-28T15:30:00
"['FC Schalke 04', 'Borussia Mönchengladbach']","[1, 1]",2018-04-28T15:30:00
"['VfL Wolfsburg', 'Hamburger SV']","[0, 2]",2018-04-28T15:30:00
"['Bayer Leverkusen', 'VfB Stuttgart']","[0, 0]",2018-04-28T18:30:00
"['1. FSV Mainz 05', 'RB Leipzig']","[1, 0]",2018-04-29T15:30:00
"['Werder Bremen', 'Borussia Dortmund']","[1, 1]",2018-04-29T18:00:00
"['Borussia Dortmund', '1. FSV Mainz 05']","[1, 2]",2018-05-05T15:30:00
"['RB Leipzig', 'VfL Wolfsburg']","[2, 0]",2018-05-05T15:30:00
"['1. FC Köln', 'FC Bayern']","[1, 0]",2018-05-05T15:30:00
"['Werder Bremen', 'Bayer Leverkusen']","[0, 0]",2018-05-05T15:30:00
"['Borussia Mönchengladbach', 'SC Freiburg']","[1, 0]",2018-05-05T15:30:00
"['Eintracht Frankfurt', 'Hamburger SV']","[1, 0]",2018-05-05T15:30:00
"['FC Augsburg', 'FC Schalke 04']","[1, 2]",2018-05-05T15:30:00
"['Hannover 96', 'Hertha BSC']","[3, 0]",2018-05-05T15:30:00
"['VfB Stuttgart', 'TSG 1899 Hoffenheim']","[1, 0]",2018-05-05T15:30:00
"['FC Bayern', 'VfB Stuttgart']","[1, 2]",2018-05-12T15:30:00
"['TSG 1899 Hoffenheim', 'Borussia Dortmund']","[1, 0]",2018-05-12T15:30:00
"['Hertha BSC', 'RB Leipzig']","[1, 3]",2018-05-12T15:30:00
"['SC Freiburg', 'FC Augsburg']","[0, 0]",2018-05-12T15:30:00
"['FC Schalke 04', 'Eintracht Frankfurt']","[1, 0]",2018-05-12T15:30:00
"['Bayer Leverkusen', 'Hannover 96']","[2, 0]",2018-05-12T15:30:00
"['Hamburger SV', 'Borussia Mönchengladbach']","[1, 1]",2018-05-12T15:30:00
"['1. FSV Mainz 05', 'Werder Bremen']","[1, 1]",2018-05-12T15:30:00
"['VfL Wolfsburg', '1. FC Köln']","[1, 1]",2018-05-12T15:30:00
